user_id,login_time,device_type,login_status,location
user_0972,2025-01-02 17:25:00,tablet,success,Paris
user_0202,2025-01-02 23:15:00,mobile,success,New York
user_0497,2025-01-03 04:44:00,tablet,success,Sydney
user_0447,2025-01-03 21:32:00,tablet,success,Paris
user_0551,2025-01-04 09:23:00,tablet,success,Sydney
user_0405,2025-01-05 01:20:00,tablet,success,New York
user_0618,2025-01-05 15:44:00,tablet,success,London
user_0583,2025-01-06 13:47:00,tablet,success,Tokyo
user_0837,2025-01-07 00:18:00,mobile,success,New York
user_0306,2025-01-07 03:40:00,tablet,success,Berlin
user_0297,2025-01-07 06:52:00,mobile,success,Sydney
user_0142,2025-01-08 12:41:00,tablet,success,London
user_0192,2025-01-08 15:48:00,desktop,failure,Sydney
user_0607,2025-01-09 06:12:00,desktop,success,Berlin
user_0824,2025-01-09 10:06:00,desktop,success,Berlin
user_0406,2025-01-09 13:05:00,tablet,success,London
user_0370,2025-01-09 16:03:00,desktop,success,New York
user_0963,2025-01-09 18:30:00,tablet,success,New York
user_0886,2025-01-09 19:38:00,mobile,failure,Sydney
user_0220,2025-01-09 21:36:00,mobile,success,Berlin
user_0044,2025-01-10 00:39:00,desktop,failure,Berlin
user_0684,2025-01-10 06:44:00,tablet,success,Sydney
user_0150,2025-01-10 08:33:00,tablet,success,Paris
user_0819,2025-01-10 20:43:00,mobile,success,New York
user_0981,2025-01-11 01:57:00,desktop,success,Tokyo
user_0848,2025-01-11 07:53:00,tablet,failure,Berlin
user_0628,2025-01-11 10:01:00,desktop,success,New York
user_0178,2025-01-11 13:07:00,mobile,success,Paris
user_0099,2025-01-13 05:16:00,tablet,success,Berlin
user_0207,2025-01-13 07:54:00,mobile,success,Berlin
user_0949,2025-01-13 18:36:00,tablet,success,Tokyo
user_0393,2025-01-14 05:38:00,desktop,success,Tokyo
user_0483,2025-01-14 10:52:00,tablet,success,Sydney
user_0096,2025-01-15 15:14:00,tablet,failure,Berlin
user_0571,2025-01-15 18:02:00,tablet,success,Paris
user_0952,2025-01-16 05:15:00,mobile,success,Berlin
user_0979,2025-01-17 04:17:00,mobile,success,Paris
user_0698,2025-01-17 07:19:00,mobile,success,Berlin
user_0609,2025-01-18 00:54:00,tablet,success,London
user_0901,2025-01-19 10:33:00,tablet,success,Tokyo
user_0221,2025-01-19 12:34:00,desktop,success,Tokyo
user_0585,2025-01-19 15:13:00,tablet,success,Berlin
user_0206,2025-01-20 03:24:00,tablet,success,Berlin
user_0884,2025-01-20 08:37:00,desktop,success,New York
user_0665,2025-01-20 16:45:00,mobile,success,Paris
user_0799,2025-01-20 21:11:00,mobile,success,New York
user_0283,2025-01-21 01:12:00,desktop,success,New York
user_0343,2025-01-21 17:07:00,mobile,success,Tokyo
user_0327,2025-01-22 15:26:00,mobile,success,Tokyo
user_0658,2025-01-22 18:46:00,desktop,success,Sydney
user_0744,2025-01-23 00:57:00,tablet,success,London
user_0896,2025-01-23 01:08:00,tablet,success,Sydney
user_0586,2025-01-23 02:57:00,tablet,success,Tokyo
user_0784,2025-01-23 17:35:00,mobile,success,New York
user_0974,2025-01-24 05:36:00,mobile,failure,Berlin
user_0451,2025-01-24 07:38:00,mobile,success,Berlin
user_0223,2025-01-24 07:52:00,tablet,success,Berlin
user_0347,2025-01-25 09:14:00,mobile,failure,New York
user_0139,2025-01-25 13:36:00,desktop,success,New York
user_0103,2025-01-25 21:33:00,desktop,success,London
user_0172,2025-01-26 07:21:00,tablet,success,London
user_0624,2025-01-26 08:23:00,tablet,success,Tokyo
user_0781,2025-01-26 09:33:00,desktop,success,New York
user_0380,2025-01-26 23:18:00,mobile,success,Sydney
user_0845,2025-01-27 03:02:00,desktop,success,Tokyo
user_0613,2025-01-27 11:15:00,mobile,success,Sydney
user_0880,2025-01-27 11:40:00,tablet,success,Paris
user_0104,2025-01-27 12:08:00,mobile,success,Berlin
user_0411,2025-01-27 17:49:00,tablet,success,New York
user_0384,2025-01-28 05:53:00,mobile,success,Paris
user_0183,2025-01-30 07:01:00,desktop,success,London
user_0340,2025-01-30 07:44:00,tablet,success,Sydney
user_0453,2025-01-30 22:50:00,tablet,success,Sydney
user_0486,2025-01-30 22:53:00,tablet,success,Sydney
user_0284,2025-01-31 08:55:00,tablet,success,Tokyo
user_0554,2025-01-31 09:52:00,desktop,success,Paris
user_0398,2025-02-01 22:50:00,desktop,success,London
user_0125,2025-02-01 23:15:00,desktop,success,Berlin
user_0769,2025-02-02 12:27:00,desktop,success,Berlin
user_0778,2025-02-03 02:07:00,mobile,success,Paris
user_0085,2025-02-03 10:16:00,desktop,success,Sydney
user_0608,2025-02-03 14:46:00,desktop,success,New York
user_0423,2025-02-03 18:29:00,desktop,success,New York
user_0904,2025-02-03 20:51:00,desktop,success,Paris
user_0527,2025-02-03 23:01:00,mobile,success,New York
user_0502,2025-02-03 23:03:00,tablet,success,Berlin
user_0948,2025-02-03 23:24:00,mobile,success,Tokyo
user_0472,2025-02-04 04:38:00,tablet,success,New York
user_0515,2025-02-04 22:33:00,desktop,failure,Paris
user_0187,2025-02-05 01:20:00,mobile,success,Tokyo
user_0189,2025-02-05 03:35:00,mobile,success,Berlin
user_0547,2025-02-06 15:04:00,desktop,success,Tokyo
user_0344,2025-02-06 23:39:00,mobile,success,New York
user_0130,2025-02-08 22:14:00,tablet,success,Berlin
user_0127,2025-02-09 04:04:00,desktop,success,Tokyo
user_0184,2025-02-10 03:47:00,desktop,success,Paris
user_0374,2025-02-10 05:13:00,desktop,success,London
user_0838,2025-02-10 07:44:00,desktop,success,Berlin
user_0090,2025-02-10 09:49:00,tablet,success,Sydney
user_0699,2025-02-10 10:59:00,tablet,success,Tokyo
user_0746,2025-02-10 11:57:00,desktop,success,London
user_0083,2025-02-10 17:30:00,desktop,success,New York
user_0933,2025-02-10 18:04:00,mobile,success,Berlin
user_0535,2025-02-10 23:49:00,desktop,success,London
user_0716,2025-02-10 23:52:00,mobile,success,New York
user_0866,2025-02-11 10:29:00,mobile,failure,Tokyo
user_0513,2025-02-11 14:52:00,tablet,success,Sydney
user_0652,2025-02-12 22:55:00,desktop,success,Paris
user_0138,2025-02-13 16:15:00,desktop,success,Sydney
user_0140,2025-02-14 04:48:00,tablet,success,Paris
user_0709,2025-02-14 04:53:00,mobile,success,Tokyo
user_0625,2025-02-14 06:14:00,mobile,success,Berlin
user_0496,2025-02-14 16:48:00,tablet,success,Sydney
user_0250,2025-02-16 02:30:00,mobile,failure,Paris
user_0805,2025-02-16 02:34:00,mobile,failure,Tokyo
user_0679,2025-02-16 07:18:00,desktop,success,Berlin
user_0532,2025-02-16 13:01:00,tablet,failure,New York
user_0646,2025-02-16 23:59:00,tablet,failure,Sydney
user_0681,2025-02-17 01:54:00,tablet,success,Sydney
user_0600,2025-02-17 06:56:00,mobile,success,London
user_0930,2025-02-17 08:43:00,desktop,success,Paris
user_0089,2025-02-17 09:33:00,tablet,success,Paris
user_0027,2025-02-18 16:28:00,mobile,success,Tokyo
user_0818,2025-02-18 23:00:00,tablet,success,New York
user_0238,2025-02-19 21:26:00,tablet,success,Sydney
user_0324,2025-02-20 07:54:00,tablet,success,Berlin
user_0630,2025-02-20 15:45:00,desktop,success,London
user_0017,2025-02-21 05:30:00,tablet,success,London
user_0686,2025-02-21 08:49:00,tablet,success,New York
user_0330,2025-02-21 10:23:00,desktop,success,Berlin
user_0294,2025-02-22 12:53:00,desktop,success,New York
user_0260,2025-02-22 20:38:00,tablet,success,Tokyo
user_0126,2025-02-23 12:10:00,mobile,success,Tokyo
user_0707,2025-02-23 20:05:00,tablet,success,Berlin
user_0144,2025-02-23 21:46:00,tablet,success,Paris
user_0034,2025-02-24 20:49:00,mobile,success,Berlin
user_0161,2025-02-25 05:28:00,mobile,success,Sydney
user_0082,2025-02-25 07:49:00,desktop,success,Tokyo
user_0639,2025-02-25 08:34:00,desktop,failure,New York
user_0230,2025-02-25 17:29:00,tablet,success,Paris
user_0507,2025-02-25 22:01:00,desktop,success,Sydney
user_0847,2025-02-26 08:39:00,desktop,success,Paris
user_0175,2025-02-26 08:56:00,tablet,failure,Sydney
user_0570,2025-02-26 09:58:00,mobile,success,London
user_0146,2025-02-26 12:17:00,tablet,success,Sydney
user_0484,2025-02-26 15:34:00,mobile,success,Tokyo
user_0376,2025-02-26 19:14:00,mobile,success,London
user_0602,2025-02-27 08:39:00,tablet,success,Berlin
user_0191,2025-02-27 11:12:00,desktop,failure,New York
user_0995,2025-02-27 17:08:00,desktop,success,Berlin
user_0643,2025-02-27 20:50:00,tablet,failure,New York
user_0938,2025-02-28 01:22:00,tablet,success,Sydney
user_0860,2025-02-28 08:19:00,mobile,success,Paris
user_0812,2025-02-28 09:12:00,tablet,success,New York
user_0973,2025-02-28 13:12:00,tablet,success,New York
user_0975,2025-03-01 15:56:00,mobile,success,Sydney
user_0217,2025-03-01 17:45:00,mobile,success,Tokyo
user_0795,2025-03-02 02:43:00,mobile,success,Paris
user_0545,2025-03-02 07:01:00,mobile,success,New York
user_0761,2025-03-02 12:37:00,desktop,success,London
user_0612,2025-03-02 12:39:00,desktop,success,Paris
user_0317,2025-03-02 21:24:00,desktop,success,Berlin
user_0531,2025-03-02 23:27:00,desktop,success,London
user_0989,2025-03-03 02:17:00,tablet,success,Tokyo
user_0276,2025-03-03 10:45:00,tablet,success,Paris
user_0375,2025-03-04 17:00:00,desktop,success,Sydney
user_0372,2025-03-04 18:18:00,desktop,success,Paris
user_0408,2025-03-05 00:57:00,desktop,failure,Tokyo
user_0512,2025-03-05 02:17:00,mobile,success,Tokyo
user_0245,2025-03-05 07:45:00,mobile,success,Sydney
user_0264,2025-03-05 12:16:00,mobile,success,New York
user_0265,2025-03-05 22:43:00,desktop,success,Paris
user_0209,2025-03-06 07:34:00,desktop,success,New York
user_0923,2025-03-06 11:07:00,tablet,success,Berlin
user_0427,2025-03-07 06:07:00,mobile,success,Berlin
user_0325,2025-03-07 13:59:00,desktop,success,London
user_0354,2025-03-07 19:02:00,mobile,success,New York
user_0052,2025-03-08 13:12:00,tablet,success,Tokyo
user_0160,2025-03-09 07:15:00,tablet,failure,New York
user_0129,2025-03-10 09:54:00,tablet,success,Tokyo
user_0549,2025-03-10 15:55:00,tablet,success,London
user_0050,2025-03-11 00:28:00,tablet,failure,Berlin
user_0817,2025-03-11 06:06:00,desktop,success,Paris
user_0494,2025-03-11 15:24:00,tablet,success,Tokyo
user_0154,2025-03-12 01:00:00,desktop,success,New York
user_0331,2025-03-12 06:30:00,mobile,success,New York
user_0668,2025-03-12 06:53:00,desktop,success,Berlin
user_0539,2025-03-12 07:23:00,tablet,success,Tokyo
user_0403,2025-03-12 10:25:00,mobile,success,Paris
user_0729,2025-03-12 14:35:00,tablet,success,New York
user_0559,2025-03-14 01:15:00,desktop,success,London
user_0500,2025-03-14 02:03:00,mobile,success,Paris
user_0808,2025-03-14 13:54:00,mobile,success,London
user_0434,2025-03-14 17:14:00,mobile,success,Tokyo
user_0236,2025-03-14 17:44:00,tablet,success,Sydney
user_0722,2025-03-14 18:34:00,tablet,success,Tokyo
user_0774,2025-03-15 02:26:00,tablet,success,London
user_0158,2025-03-15 04:41:00,tablet,success,New York
user_0053,2025-03-15 15:54:00,mobile,success,London
user_0601,2025-03-16 13:38:00,mobile,success,Paris
user_0705,2025-03-16 23:53:00,mobile,success,London
user_0171,2025-03-17 05:52:00,tablet,success,London
user_0578,2025-03-17 06:25:00,tablet,success,London
user_0756,2025-03-17 09:06:00,desktop,success,Berlin
user_0243,2025-03-18 03:55:00,tablet,success,Tokyo
user_0752,2025-03-18 09:25:00,tablet,success,Paris
user_0275,2025-03-18 11:31:00,tablet,success,Tokyo
user_0651,2025-03-19 03:42:00,mobile,failure,New York
user_0213,2025-03-19 03:44:00,tablet,success,New York
user_0875,2025-03-19 09:35:00,desktop,success,London
user_0516,2025-03-19 21:44:00,mobile,success,Sydney
user_0753,2025-03-20 07:27:00,mobile,success,Berlin
user_0676,2025-03-21 06:13:00,mobile,success,Tokyo
user_0902,2025-03-21 13:37:00,tablet,success,Paris
user_0627,2025-03-21 16:47:00,mobile,success,Tokyo
user_0194,2025-03-21 21:34:00,mobile,failure,London
user_0341,2025-03-22 10:22:00,tablet,success,Sydney
user_0322,2025-03-22 23:05:00,mobile,success,New York
user_0957,2025-03-22 23:21:00,desktop,success,Sydney
user_0823,2025-03-24 00:37:00,mobile,success,Sydney
user_0790,2025-03-24 06:01:00,mobile,success,Berlin
user_0097,2025-03-24 09:25:00,desktop,success,Sydney
user_0438,2025-03-24 12:25:00,mobile,success,London
user_0030,2025-03-24 13:03:00,mobile,success,Berlin
user_0079,2025-03-25 08:08:00,tablet,failure,London
user_0718,2025-03-25 12:58:00,desktop,success,London
user_0488,2025-03-25 23:33:00,mobile,success,Berlin
user_0414,2025-03-26 03:07:00,desktop,success,New York
user_0308,2025-03-26 03:14:00,desktop,success,Paris
user_0882,2025-03-26 10:21:00,tablet,success,New York
user_0929,2025-03-26 15:04:00,tablet,success,New York
user_0367,2025-03-26 15:37:00,tablet,success,Tokyo
user_0524,2025-03-27 01:53:00,tablet,success,Berlin
user_0544,2025-03-27 08:31:00,mobile,success,London
user_0080,2025-03-27 11:21:00,desktop,success,Berlin
user_0939,2025-03-27 17:05:00,desktop,success,London
user_0057,2025-03-27 22:32:00,desktop,success,Sydney
user_0391,2025-03-27 23:33:00,mobile,failure,New York
user_0153,2025-03-28 09:02:00,tablet,success,Berlin
user_0855,2025-03-28 14:24:00,desktop,success,New York
user_0288,2025-03-28 16:05:00,tablet,success,London
user_0065,2025-03-28 23:19:00,desktop,success,Tokyo
user_0691,2025-03-29 01:46:00,tablet,success,Paris
user_0920,2025-03-29 08:34:00,desktop,success,Sydney
user_0911,2025-03-29 17:44:00,desktop,success,Paris
user_0337,2025-03-29 20:42:00,mobile,success,Paris
user_0562,2025-03-30 02:40:00,mobile,success,Sydney
user_0723,2025-03-30 04:50:00,desktop,failure,Sydney
user_0058,2025-03-30 05:41:00,tablet,success,London
user_0005,2025-03-30 13:01:00,desktop,success,Sydney
user_0710,2025-03-30 13:40:00,desktop,success,London
user_0151,2025-03-30 17:20:00,desktop,success,Sydney
user_0416,2025-03-31 02:42:00,tablet,failure,Paris
user_0865,2025-03-31 05:11:00,tablet,success,Tokyo
user_0293,2025-04-01 06:07:00,desktop,success,New York
user_0734,2025-04-01 15:03:00,tablet,success,London
user_0177,2025-04-01 21:29:00,tablet,failure,Tokyo
user_0390,2025-04-02 02:17:00,mobile,success,Tokyo
user_0176,2025-04-02 06:20:00,mobile,success,Tokyo
user_0649,2025-04-02 16:50:00,mobile,success,London
user_0436,2025-04-02 17:34:00,mobile,success,Berlin
user_0258,2025-04-03 22:37:00,mobile,success,London
user_0256,2025-04-04 01:10:00,tablet,success,Sydney
user_0725,2025-04-04 02:51:00,desktop,failure,London
user_0417,2025-04-05 00:40:00,tablet,success,Sydney
user_0673,2025-04-06 13:35:00,tablet,success,Paris
user_0660,2025-04-06 22:29:00,mobile,success,London
user_0632,2025-04-08 00:27:00,desktop,success,Berlin
user_0222,2025-04-08 05:06:00,desktop,success,London
user_0877,2025-04-08 19:15:00,tablet,success,Sydney
user_0338,2025-04-08 23:21:00,desktop,success,Berlin
user_0619,2025-04-09 01:11:00,mobile,failure,New York
user_0067,2025-04-09 17:50:00,mobile,success,Tokyo
user_0891,2025-04-10 17:14:00,desktop,success,New York
user_0717,2025-04-11 05:15:00,tablet,success,Tokyo
user_0242,2025-04-11 07:13:00,tablet,success,New York
user_0168,2025-04-11 21:02:00,mobile,success,New York
user_0418,2025-04-12 03:41:00,mobile,success,New York
user_0669,2025-04-12 05:14:00,mobile,success,Sydney
user_0313,2025-04-12 07:34:00,tablet,success,New York
user_0210,2025-04-12 17:29:00,tablet,success,New York
user_0518,2025-04-13 11:04:00,tablet,success,Sydney
user_0008,2025-04-13 14:27:00,tablet,success,Tokyo
user_0629,2025-04-13 19:52:00,tablet,success,Berlin
user_0751,2025-04-14 00:03:00,tablet,success,Sydney
user_0248,2025-04-14 12:36:00,tablet,success,Berlin
user_0300,2025-04-14 17:17:00,desktop,success,Sydney
user_0422,2025-04-14 22:44:00,tablet,success,Sydney
user_0836,2025-04-15 03:44:00,tablet,success,New York
user_0491,2025-04-15 05:53:00,desktop,success,Sydney
user_0043,2025-04-15 06:18:00,tablet,failure,Tokyo
user_0059,2025-04-15 22:24:00,desktop,success,Sydney
user_0084,2025-04-16 04:45:00,desktop,success,Sydney
user_0897,2025-04-16 12:48:00,desktop,success,Paris
user_0485,2025-04-17 02:58:00,desktop,success,New York
user_0786,2025-04-17 17:12:00,desktop,success,Sydney
user_0048,2025-04-17 22:42:00,mobile,failure,New York
user_0991,2025-04-17 23:31:00,tablet,success,New York
user_0666,2025-04-18 00:22:00,tablet,success,Sydney
user_0968,2025-04-18 03:09:00,tablet,failure,Tokyo
user_0693,2025-04-18 10:05:00,tablet,success,Berlin
user_0035,2025-04-18 18:15:00,tablet,success,Paris
user_0990,2025-04-18 23:46:00,tablet,success,Paris
user_0617,2025-04-19 00:12:00,mobile,success,Tokyo
user_0830,2025-04-19 03:38:00,mobile,success,Paris
user_0574,2025-04-19 13:52:00,desktop,success,London
user_0987,2025-04-19 19:59:00,mobile,success,Tokyo
user_0741,2025-04-20 08:53:00,tablet,success,London
user_0235,2025-04-20 08:59:00,tablet,success,Tokyo
user_0173,2025-04-20 21:47:00,tablet,failure,Sydney
user_0506,2025-04-21 13:53:00,mobile,success,Paris
user_0487,2025-04-21 18:53:00,desktop,success,London
user_0887,2025-04-21 19:20:00,tablet,success,Sydney
user_0091,2025-04-22 14:35:00,mobile,success,Paris
user_0280,2025-04-22 22:26:00,desktop,success,Berlin
user_0590,2025-04-23 07:00:00,mobile,success,Berlin
user_0854,2025-04-23 07:20:00,tablet,success,Tokyo
user_0869,2025-04-23 09:15:00,tablet,success,Tokyo
user_0301,2025-04-23 15:23:00,tablet,success,Berlin
user_0872,2025-04-23 16:22:00,mobile,success,Paris
user_0028,2025-04-23 18:25:00,desktop,success,New York
user_0851,2025-04-23 22:52:00,tablet,failure,Paris
user_0477,2025-04-24 08:48:00,desktop,success,Tokyo
user_0180,2025-04-25 04:37:00,desktop,failure,London
user_0460,2025-04-25 15:27:00,tablet,success,London
user_0779,2025-04-26 08:18:00,tablet,success,Paris
user_0480,2025-04-26 14:41:00,mobile,success,Berlin
user_0495,2025-04-26 20:47:00,tablet,success,Berlin
user_0282,2025-04-27 01:59:00,mobile,success,Tokyo
user_0730,2025-04-27 04:45:00,mobile,success,Sydney
user_0298,2025-04-27 08:14:00,tablet,success,Tokyo
user_0462,2025-04-28 18:24:00,desktop,success,London
user_0520,2025-04-29 01:45:00,tablet,success,New York
user_0224,2025-04-29 07:11:00,tablet,success,Tokyo
user_0266,2025-04-29 12:27:00,mobile,success,New York
user_0780,2025-04-29 16:41:00,desktop,success,Paris
user_0558,2025-04-30 00:04:00,desktop,success,New York
user_0273,2025-04-30 05:33:00,mobile,failure,Sydney
user_0281,2025-04-30 10:44:00,mobile,success,New York
user_0149,2025-04-30 17:06:00,desktop,failure,Paris
user_0794,2025-04-30 17:17:00,desktop,failure,London
user_0754,2025-05-01 02:14:00,mobile,success,Sydney
user_0956,2025-05-01 09:13:00,tablet,success,Paris
user_0947,2025-05-01 14:38:00,mobile,success,Sydney
user_0396,2025-05-01 16:32:00,mobile,success,Paris
user_0953,2025-05-01 17:14:00,desktop,success,Paris
user_0290,2025-05-01 19:26:00,mobile,success,London
user_0185,2025-05-02 12:31:00,tablet,success,London
user_0713,2025-05-02 20:17:00,desktop,success,Berlin
user_0918,2025-05-03 07:41:00,desktop,success,Tokyo
user_0039,2025-05-04 18:21:00,desktop,success,New York
user_0471,2025-05-04 20:22:00,mobile,success,Sydney
user_0342,2025-05-05 07:53:00,desktop,success,Paris
user_0219,2025-05-05 13:24:00,mobile,success,New York
user_0743,2025-05-05 13:45:00,mobile,success,Sydney
user_0640,2025-05-06 03:30:00,desktop,success,Paris
user_0508,2025-05-06 12:29:00,desktop,success,London
user_0047,2025-05-07 05:20:00,tablet,failure,Paris
user_0409,2025-05-07 08:20:00,desktop,failure,Berlin
user_0128,2025-05-07 12:27:00,desktop,success,Sydney
user_0941,2025-05-08 02:11:00,mobile,failure,Tokyo
user_0543,2025-05-08 17:27:00,tablet,success,New York
user_0332,2025-05-08 17:31:00,mobile,success,London
user_0246,2025-05-09 09:56:00,tablet,success,Paris
user_0806,2025-05-10 08:42:00,desktop,success,Paris
user_0810,2025-05-10 16:56:00,mobile,success,London
user_0687,2025-05-10 22:43:00,mobile,success,London
user_0874,2025-05-11 21:04:00,desktop,success,Berlin
user_0100,2025-05-12 00:29:00,desktop,success,Berlin
user_0647,2025-05-12 03:18:00,desktop,success,London
user_0285,2025-05-12 23:51:00,mobile,success,Tokyo
user_0303,2025-05-13 00:39:00,mobile,success,Paris
user_0320,2025-05-13 04:23:00,mobile,success,Sydney
user_0573,2025-05-13 09:40:00,tablet,success,Tokyo
user_0523,2025-05-13 10:35:00,desktop,success,Berlin
user_0844,2025-05-13 20:53:00,mobile,success,New York
user_0821,2025-05-13 21:45:00,desktop,success,Paris
user_0307,2025-05-14 12:41:00,tablet,success,Berlin
user_0334,2025-05-15 00:38:00,desktop,success,Paris
user_0758,2025-05-15 13:22:00,tablet,success,New York
user_0361,2025-05-15 20:05:00,tablet,success,Berlin
user_0311,2025-05-15 20:15:00,mobile,success,Paris
user_0247,2025-05-16 09:15:00,tablet,success,Sydney
user_0776,2025-05-16 21:35:00,desktop,success,Tokyo
user_0033,2025-05-17 06:18:00,tablet,success,London
user_0584,2025-05-17 06:48:00,mobile,success,New York
user_0814,2025-05-18 15:26:00,desktop,success,Berlin
user_0147,2025-05-18 16:48:00,mobile,success,Sydney
user_0101,2025-05-18 17:34:00,tablet,success,London
user_0789,2025-05-20 15:28:00,mobile,success,Paris
user_0546,2025-05-20 21:07:00,desktop,success,Berlin
user_0010,2025-05-21 14:42:00,desktop,success,Berlin
user_0086,2025-05-23 02:36:00,desktop,success,Tokyo
user_0232,2025-05-24 00:45:00,tablet,success,London
user_0291,2025-05-25 00:10:00,tablet,success,New York
user_0633,2025-05-25 08:05:00,mobile,success,Sydney
user_0196,2025-05-25 09:24:00,tablet,success,Tokyo
user_0501,2025-05-25 16:28:00,tablet,success,London
user_0106,2025-05-25 18:59:00,mobile,success,New York
user_0003,2025-05-26 06:10:00,tablet,success,Paris
user_0108,2025-05-26 06:33:00,desktop,success,Sydney
user_0316,2025-05-26 21:01:00,tablet,success,Paris
user_0579,2025-05-27 06:28:00,mobile,failure,Tokyo
user_0961,2025-05-28 02:12:00,desktop,success,Paris
user_0119,2025-05-28 07:16:00,desktop,success,Berlin
user_0109,2025-05-28 08:26:00,tablet,success,Tokyo
user_0782,2025-05-28 08:41:00,tablet,success,Tokyo
user_0335,2025-05-28 08:49:00,mobile,success,Sydney
user_0205,2025-05-28 10:49:00,mobile,success,London
user_0355,2025-05-29 12:00:00,tablet,success,London
user_0349,2025-05-29 18:07:00,mobile,success,Berlin
user_0925,2025-05-29 18:40:00,tablet,success,Berlin
user_0389,2025-05-29 21:07:00,desktop,success,London
user_0237,2025-05-31 06:26:00,tablet,success,Berlin
user_0431,2025-05-31 08:45:00,tablet,success,Paris
user_0469,2025-05-31 11:24:00,tablet,success,Paris
user_0581,2025-06-01 17:46:00,mobile,success,Sydney
user_0226,2025-06-02 02:12:00,mobile,success,London
user_0800,2025-06-03 07:54:00,tablet,success,London
user_0081,2025-06-03 13:36:00,mobile,success,New York
user_0443,2025-06-04 03:06:00,desktop,success,Sydney
user_0736,2025-06-04 06:15:00,mobile,success,Sydney
user_0775,2025-06-04 06:59:00,mobile,success,Berlin
user_0916,2025-06-04 10:06:00,desktop,success,Tokyo
user_0251,2025-06-04 13:55:00,mobile,success,Berlin
user_0062,2025-06-05 13:00:00,desktop,success,Tokyo
user_0381,2025-06-05 16:54:00,tablet,success,London
user_0504,2025-06-05 19:36:00,tablet,success,Sydney
user_0680,2025-06-07 05:01:00,desktop,success,Tokyo
user_0704,2025-06-07 06:17:00,tablet,success,Sydney
user_0166,2025-06-07 16:34:00,mobile,success,Paris
user_0876,2025-06-07 22:24:00,mobile,failure,New York
user_0386,2025-06-08 01:36:00,desktop,success,Paris
user_0580,2025-06-08 01:40:00,desktop,success,Sydney
user_0199,2025-06-08 08:47:00,mobile,failure,London
user_0145,2025-06-08 08:52:00,mobile,success,New York
user_0179,2025-06-09 00:23:00,tablet,success,Berlin
user_0537,2025-06-10 02:10:00,mobile,success,London
user_0353,2025-06-10 23:55:00,tablet,success,Paris
user_0463,2025-06-11 06:08:00,mobile,success,London
user_0190,2025-06-11 16:02:00,desktop,success,London
user_0412,2025-06-11 18:30:00,desktop,success,London
user_0397,2025-06-12 00:17:00,tablet,success,Sydney
user_0870,2025-06-12 11:45:00,mobile,success,New York
user_0364,2025-06-13 02:41:00,tablet,success,Sydney
user_0996,2025-06-13 07:42:00,desktop,success,Tokyo
user_0672,2025-06-13 08:50:00,tablet,success,Tokyo
user_0315,2025-06-13 18:33:00,desktop,success,Tokyo
user_0820,2025-06-13 19:30:00,tablet,success,Tokyo
user_0552,2025-06-14 00:55:00,mobile,success,Paris
user_0296,2025-06-14 11:55:00,mobile,success,Berlin
user_0310,2025-06-14 22:39:00,tablet,failure,New York
user_0098,2025-06-15 12:26:00,desktop,success,Sydney
user_0445,2025-06-15 14:14:00,desktop,success,Sydney
user_0006,2025-06-15 16:07:00,tablet,success,Tokyo
user_0536,2025-06-15 16:39:00,tablet,success,New York
user_0898,2025-06-16 07:16:00,desktop,success,Tokyo
user_0102,2025-06-16 09:37:00,mobile,success,Sydney
user_0218,2025-06-16 10:31:00,desktop,success,Tokyo
user_0767,2025-06-16 13:31:00,tablet,success,Paris
user_0903,2025-06-16 15:13:00,mobile,success,Berlin
user_0737,2025-06-17 00:23:00,mobile,success,Paris
user_0715,2025-06-17 03:42:00,desktop,success,London
user_0457,2025-06-18 22:16:00,mobile,success,Tokyo
user_0697,2025-06-19 03:52:00,tablet,success,Sydney
user_0719,2025-06-19 04:39:00,tablet,success,New York
user_0197,2025-06-19 07:05:00,tablet,success,London
user_0064,2025-06-19 20:33:00,mobile,success,Paris
user_0351,2025-06-19 22:30:00,tablet,success,New York
user_0588,2025-06-20 01:20:00,tablet,success,Paris
user_0623,2025-06-20 03:16:00,desktop,success,Tokyo
user_0967,2025-06-20 07:18:00,tablet,success,Tokyo
user_0068,2025-06-20 13:24:00,desktop,success,Tokyo
user_0141,2025-06-20 16:08:00,tablet,success,London
user_0728,2025-06-21 05:29:00,mobile,success,Tokyo
user_0807,2025-06-21 12:22:00,mobile,success,Paris
user_0616,2025-06-21 12:59:00,tablet,success,New York
user_0018,2025-06-22 01:12:00,desktop,failure,Berlin
user_0787,2025-06-22 06:30:00,desktop,success,Tokyo
user_0012,2025-06-22 12:40:00,tablet,success,Paris
user_0670,2025-06-22 16:23:00,desktop,success,Sydney
user_0371,2025-06-22 19:07:00,desktop,success,Berlin
user_0567,2025-06-22 21:00:00,mobile,success,Tokyo
user_0863,2025-06-23 04:47:00,desktop,success,Sydney
user_0611,2025-06-23 13:38:00,desktop,success,New York
user_0755,2025-06-24 10:56:00,mobile,success,London
user_0382,2025-06-24 18:15:00,desktop,success,Sydney
user_0648,2025-06-25 01:00:00,tablet,success,New York
user_0215,2025-06-25 01:44:00,mobile,success,Sydney
user_0362,2025-06-25 16:12:00,mobile,success,Tokyo
user_0038,2025-06-25 18:29:00,mobile,success,Paris
user_0642,2025-06-27 15:19:00,mobile,success,Tokyo
user_0599,2025-06-27 17:43:00,mobile,success,New York
user_0366,2025-06-27 21:40:00,desktop,success,Tokyo
user_0326,2025-06-28 00:06:00,mobile,failure,London
user_0121,2025-06-28 12:31:00,tablet,failure,Sydney
user_0936,2025-06-28 18:16:00,desktop,success,Tokyo
user_0413,2025-06-29 00:19:00,desktop,success,Berlin
user_0606,2025-06-29 17:27:00,desktop,success,Tokyo
user_0803,2025-06-30 14:41:00,desktop,success,Sydney
user_0333,2025-07-01 07:23:00,mobile,success,Sydney
user_0839,2025-07-01 09:32:00,desktop,success,Tokyo
user_0466,2025-07-01 17:04:00,mobile,success,New York
user_0433,2025-07-02 01:43:00,mobile,success,Paris
user_0136,2025-07-02 05:39:00,tablet,success,Berlin
user_0985,2025-07-02 21:50:00,desktop,success,Berlin
user_0388,2025-07-02 22:09:00,desktop,success,London
user_0650,2025-07-04 04:53:00,tablet,success,New York
user_0011,2025-07-04 09:10:00,desktop,success,London
user_0198,2025-07-05 02:54:00,tablet,success,Sydney
user_0072,2025-07-05 08:07:00,desktop,success,London
user_0702,2025-07-05 19:38:00,mobile,failure,New York
user_0066,2025-07-06 03:32:00,desktop,success,New York
user_0314,2025-07-07 15:52:00,desktop,failure,Sydney
user_0589,2025-07-07 20:08:00,desktop,failure,Berlin
user_0132,2025-07-08 11:41:00,mobile,success,Paris
user_0093,2025-07-08 18:55:00,tablet,success,Berlin
user_0046,2025-07-09 02:33:00,tablet,success,Berlin
user_0711,2025-07-09 07:36:00,tablet,success,Paris
user_0541,2025-07-09 08:49:00,tablet,success,London
user_0922,2025-07-09 12:05:00,mobile,success,Sydney
user_0861,2025-07-09 14:53:00,tablet,success,New York
user_0654,2025-07-09 23:28:00,mobile,success,Sydney
user_0843,2025-07-10 01:14:00,desktop,success,Paris
user_0116,2025-07-10 12:24:00,desktop,success,Berlin
user_0785,2025-07-10 13:29:00,desktop,success,London
user_0801,2025-07-10 16:38:00,mobile,success,Sydney
user_0659,2025-07-11 05:33:00,tablet,failure,Paris
user_0239,2025-07-12 10:22:00,tablet,success,Paris
user_0842,2025-07-12 10:32:00,mobile,success,London
user_0733,2025-07-12 22:56:00,desktop,success,London
user_0188,2025-07-13 09:21:00,tablet,success,London
user_0868,2025-07-13 09:25:00,desktop,success,Tokyo
user_0272,2025-07-13 18:29:00,desktop,success,Sydney
user_0464,2025-07-13 20:17:00,desktop,success,New York
user_0595,2025-07-14 01:40:00,desktop,success,London
user_0001,2025-07-14 02:28:00,tablet,success,London
user_0832,2025-07-14 04:11:00,mobile,success,Sydney
user_0107,2025-07-14 08:17:00,tablet,success,Berlin
user_0714,2025-07-14 08:43:00,tablet,success,Tokyo
user_0357,2025-07-15 09:12:00,desktop,failure,Paris
user_0511,2025-07-15 15:27:00,tablet,success,Tokyo
user_0720,2025-07-15 18:17:00,tablet,failure,New York
user_0074,2025-07-16 04:11:00,mobile,success,Tokyo
user_0492,2025-07-16 08:10:00,desktop,success,Sydney
user_0740,2025-07-16 15:12:00,mobile,success,Sydney
user_0036,2025-07-17 05:35:00,mobile,success,Tokyo
user_0994,2025-07-17 09:49:00,mobile,success,Sydney
user_0312,2025-07-17 17:37:00,desktop,success,Sydney
user_0263,2025-07-18 11:32:00,mobile,success,Sydney
user_0928,2025-07-18 14:00:00,desktop,success,Paris
user_0441,2025-07-18 18:12:00,desktop,success,New York
user_0024,2025-07-19 10:14:00,tablet,failure,Berlin
user_0959,2025-07-19 16:39:00,desktop,success,Tokyo
user_0587,2025-07-20 11:16:00,mobile,success,Tokyo
user_0467,2025-07-20 14:52:00,tablet,success,London
user_0009,2025-07-21 08:24:00,tablet,success,Sydney
user_0538,2025-07-21 11:16:00,tablet,success,London
user_0286,2025-07-22 00:21:00,mobile,success,Tokyo
user_0002,2025-07-22 01:41:00,desktop,success,London
user_0724,2025-07-23 02:51:00,mobile,success,Tokyo
user_0292,2025-07-23 09:51:00,desktop,success,Paris
user_0482,2025-07-23 15:18:00,mobile,success,Paris
user_0657,2025-07-24 09:46:00,desktop,success,London
user_0962,2025-07-24 13:03:00,mobile,success,Paris
user_0978,2025-07-24 19:21:00,mobile,success,Tokyo
user_0295,2025-07-25 03:21:00,desktop,failure,Tokyo
user_0937,2025-07-25 11:27:00,mobile,success,London
user_0007,2025-07-25 13:53:00,mobile,success,Paris
user_0169,2025-07-25 19:40:00,desktop,success,New York
user_0078,2025-07-26 04:14:00,desktop,success,Berlin
user_0811,2025-07-26 12:03:00,tablet,success,Tokyo
user_0446,2025-07-26 14:49:00,tablet,success,Tokyo
user_0095,2025-07-26 18:10:00,desktop,success,New York
user_0731,2025-07-27 08:10:00,tablet,success,New York
user_0828,2025-07-27 12:01:00,mobile,success,Tokyo
user_0674,2025-07-27 19:41:00,tablet,success,New York
user_0157,2025-07-28 22:28:00,desktop,success,Paris
user_0193,2025-07-30 20:27:00,mobile,success,London
user_0456,2025-07-31 03:21:00,tablet,success,Sydney
user_0478,2025-08-01 00:41:00,desktop,success,London
user_0772,2025-08-01 04:52:00,desktop,success,Sydney
user_0988,2025-08-01 17:05:00,tablet,success,London
user_0233,2025-08-01 18:07:00,mobile,success,Tokyo
user_0000,2025-08-02 05:50:00,mobile,success,Berlin
user_0368,2025-08-02 22:59:00,mobile,success,Berlin
user_0700,2025-08-03 09:21:00,desktop,success,Paris
user_0014,2025-08-03 13:41:00,mobile,success,Sydney
user_0407,2025-08-03 22:59:00,desktop,failure,London
user_0378,2025-08-04 01:55:00,tablet,success,Sydney
user_0401,2025-08-04 07:42:00,mobile,failure,New York
user_0530,2025-08-04 22:12:00,mobile,success,Tokyo
user_0677,2025-08-06 09:34:00,mobile,success,New York
user_0022,2025-08-06 12:31:00,desktop,success,Paris
user_0155,2025-08-06 22:04:00,tablet,success,Paris
user_0323,2025-08-08 00:00:00,desktop,success,Tokyo
user_0825,2025-08-08 05:07:00,desktop,failure,New York
user_0620,2025-08-10 03:38:00,mobile,success,Paris
user_0867,2025-08-10 04:09:00,tablet,success,Berlin
user_0548,2025-08-10 20:50:00,desktop,success,Sydney
user_0430,2025-08-11 08:00:00,desktop,success,New York
user_0426,2025-08-11 16:40:00,mobile,success,Tokyo
user_0846,2025-08-12 01:46:00,tablet,success,Tokyo
user_0788,2025-08-12 04:51:00,desktop,success,London
user_0186,2025-08-12 22:25:00,desktop,success,Paris
user_0468,2025-08-13 07:34:00,mobile,success,Tokyo
user_0328,2025-08-13 10:12:00,mobile,success,New York
user_0982,2025-08-13 15:01:00,desktop,success,Tokyo
user_0879,2025-08-13 19:31:00,tablet,success,Paris
user_0662,2025-08-15 07:59:00,desktop,success,Tokyo
user_0572,2025-08-16 03:22:00,desktop,success,New York
user_0120,2025-08-16 03:48:00,desktop,success,Tokyo
user_0377,2025-08-16 04:50:00,mobile,success,New York
user_0815,2025-08-16 22:18:00,desktop,success,New York
user_0980,2025-08-17 01:04:00,mobile,success,New York
user_0835,2025-08-17 01:05:00,mobile,success,Paris
user_0969,2025-08-17 03:28:00,tablet,success,Paris
user_0955,2025-08-17 07:01:00,desktop,success,Sydney
user_0061,2025-08-17 13:07:00,tablet,success,New York
user_0269,2025-08-17 23:27:00,mobile,failure,London
user_0287,2025-08-17 23:49:00,tablet,success,Paris
user_0931,2025-08-18 01:15:00,mobile,success,Sydney
user_0641,2025-08-18 14:04:00,tablet,success,London
user_0259,2025-08-18 19:44:00,desktop,success,Sydney
user_0792,2025-08-18 23:03:00,mobile,success,Berlin
user_0997,2025-08-19 17:35:00,desktop,success,New York
user_0481,2025-08-19 21:00:00,tablet,success,Paris
user_0493,2025-08-21 00:34:00,desktop,success,Paris
user_0840,2025-08-21 00:42:00,mobile,success,New York
user_0448,2025-08-21 03:59:00,mobile,success,London
user_0201,2025-08-21 05:16:00,tablet,success,Tokyo
user_0771,2025-08-21 12:51:00,desktop,success,Tokyo
user_0056,2025-08-21 13:37:00,desktop,success,New York
user_0387,2025-08-21 18:04:00,mobile,success,Tokyo
user_0852,2025-08-22 18:22:00,tablet,success,Paris
user_0479,2025-08-23 09:50:00,desktop,success,Tokyo
user_0240,2025-08-23 13:35:00,desktop,success,Paris
user_0964,2025-08-23 16:44:00,desktop,success,Sydney
user_0596,2025-08-24 00:32:00,desktop,success,Berlin
user_0566,2025-08-24 05:03:00,mobile,success,London
user_0526,2025-08-24 22:35:00,tablet,success,Paris
user_0735,2025-08-25 13:02:00,desktop,success,Tokyo
user_0644,2025-08-25 16:16:00,tablet,success,London
user_0605,2025-08-26 00:16:00,mobile,success,New York
user_0597,2025-08-26 05:59:00,tablet,success,Paris
user_0075,2025-08-26 08:07:00,mobile,failure,Sydney
user_0568,2025-08-27 17:05:00,desktop,success,Paris
user_0257,2025-08-28 04:21:00,desktop,success,Sydney
user_0023,2025-08-28 07:31:00,mobile,success,New York
user_0970,2025-08-28 11:54:00,desktop,failure,London
user_0421,2025-08-28 15:47:00,mobile,success,Paris
user_0614,2025-08-28 16:37:00,mobile,failure,Berlin
user_0254,2025-08-28 19:24:00,tablet,success,Berlin
user_0020,2025-08-29 12:20:00,desktop,success,Sydney
user_0850,2025-08-29 16:44:00,tablet,success,Tokyo
user_0424,2025-08-30 14:01:00,desktop,success,Berlin
user_0429,2025-08-30 16:50:00,mobile,success,London
user_0134,2025-08-30 19:27:00,tablet,success,London
user_0452,2025-08-30 22:14:00,mobile,success,Berlin
user_0797,2025-08-31 07:30:00,mobile,success,New York
user_0635,2025-08-31 08:27:00,desktop,success,Sydney
user_0883,2025-08-31 09:07:00,mobile,success,Berlin
user_0519,2025-08-31 20:36:00,tablet,success,London
user_0229,2025-09-01 04:28:00,tablet,success,Sydney
user_0399,2025-09-01 13:18:00,desktop,success,London
user_0645,2025-09-01 15:31:00,tablet,success,London
user_0321,2025-09-01 18:33:00,desktop,success,Sydney
user_0225,2025-09-02 00:39:00,desktop,success,Paris
user_0913,2025-09-02 10:35:00,desktop,success,New York
user_0261,2025-09-03 05:34:00,mobile,success,New York
user_0360,2025-09-03 05:44:00,tablet,success,Sydney
user_0410,2025-09-03 05:48:00,mobile,success,Sydney
user_0950,2025-09-03 07:57:00,tablet,success,Paris
user_0454,2025-09-04 03:25:00,mobile,failure,Tokyo
user_0092,2025-09-04 18:43:00,tablet,failure,Sydney
user_0208,2025-09-04 20:15:00,tablet,success,Sydney
user_0667,2025-09-05 06:58:00,tablet,failure,Paris
user_0304,2025-09-05 19:28:00,mobile,success,Paris
user_0162,2025-09-06 02:23:00,desktop,success,Berlin
user_0908,2025-09-06 06:03:00,desktop,success,Sydney
user_0577,2025-09-06 06:43:00,tablet,failure,Paris
user_0470,2025-09-06 09:59:00,tablet,failure,New York
user_0094,2025-09-06 11:25:00,tablet,success,Sydney
user_0927,2025-09-06 19:43:00,desktop,success,Paris
user_0318,2025-09-07 00:19:00,mobile,success,Paris
user_0181,2025-09-07 09:22:00,mobile,success,Sydney
user_0352,2025-09-08 10:15:00,mobile,success,Tokyo
user_0655,2025-09-09 09:52:00,mobile,success,Tokyo
user_0042,2025-09-09 16:32:00,mobile,success,London
user_0069,2025-09-09 18:07:00,tablet,success,London
user_0143,2025-09-10 01:28:00,mobile,success,London
user_0833,2025-09-10 05:06:00,tablet,success,New York
user_0395,2025-09-10 09:56:00,tablet,failure,Tokyo
user_0267,2025-09-10 10:48:00,tablet,success,London
user_0517,2025-09-10 15:00:00,desktop,success,Berlin
user_0214,2025-09-10 15:51:00,tablet,success,Paris
user_0905,2025-09-10 20:09:00,tablet,success,Paris
user_0110,2025-09-11 17:06:00,desktop,success,Berlin
user_0695,2025-09-11 18:20:00,mobile,failure,Sydney
user_0211,2025-09-12 05:05:00,tablet,success,London
user_0476,2025-09-12 14:28:00,mobile,success,Tokyo
user_0895,2025-09-12 15:56:00,mobile,success,Sydney
user_0345,2025-09-12 20:23:00,mobile,success,London
user_0739,2025-09-13 01:29:00,mobile,success,Berlin
user_0592,2025-09-13 09:13:00,mobile,success,Berlin
user_0827,2025-09-13 19:25:00,mobile,success,London
user_0249,2025-09-13 22:02:00,desktop,success,Berlin
user_0529,2025-09-14 04:06:00,desktop,success,Berlin
user_0889,2025-09-14 04:49:00,desktop,success,Tokyo
user_0152,2025-09-14 10:00:00,desktop,success,New York
user_0419,2025-09-14 14:16:00,tablet,failure,Sydney
user_0088,2025-09-15 04:00:00,desktop,success,Sydney
user_0040,2025-09-15 10:18:00,desktop,success,Sydney
user_0268,2025-09-15 11:42:00,tablet,success,Berlin
user_0770,2025-09-15 15:08:00,tablet,success,Berlin
user_0244,2025-09-15 20:55:00,tablet,success,Tokyo
user_0350,2025-09-16 01:59:00,desktop,success,Berlin
user_0114,2025-09-16 04:28:00,desktop,success,Tokyo
user_0031,2025-09-16 06:13:00,mobile,success,New York
user_0045,2025-09-16 11:44:00,desktop,success,Sydney
user_0853,2025-09-17 00:44:00,tablet,success,Tokyo
user_0253,2025-09-17 07:51:00,tablet,success,Sydney
user_0688,2025-09-17 14:08:00,desktop,success,Sydney
user_0025,2025-09-17 17:34:00,mobile,success,Berlin
user_0682,2025-09-17 18:32:00,mobile,success,London
user_0804,2025-09-18 02:09:00,desktop,failure,Sydney
user_0598,2025-09-18 02:19:00,tablet,failure,Tokyo
user_0553,2025-09-18 07:27:00,tablet,success,New York
user_0762,2025-09-19 04:57:00,mobile,success,Tokyo
user_0270,2025-09-19 05:31:00,tablet,success,London
user_0777,2025-09-20 00:33:00,desktop,success,Berlin
user_0216,2025-09-20 02:18:00,tablet,failure,New York
user_0159,2025-09-20 07:13:00,mobile,failure,London
user_0885,2025-09-22 12:04:00,mobile,success,Berlin
user_0954,2025-09-23 14:04:00,desktop,success,Tokyo
user_0319,2025-09-23 15:42:00,tablet,failure,Sydney
user_0750,2025-09-23 23:06:00,mobile,success,Sydney
user_0489,2025-09-24 05:17:00,mobile,success,Paris
user_0289,2025-09-24 14:33:00,desktop,success,Tokyo
user_0115,2025-09-24 17:09:00,mobile,success,Tokyo
user_0998,2025-09-25 04:41:00,tablet,success,Tokyo
user_0764,2025-09-25 19:55:00,tablet,success,New York
user_0383,2025-09-26 15:03:00,tablet,success,Sydney
user_0664,2025-09-26 19:44:00,desktop,success,Tokyo
user_0049,2025-09-27 20:13:00,tablet,success,New York
user_0914,2025-09-28 01:50:00,mobile,success,London
user_0971,2025-09-28 19:09:00,desktop,success,Tokyo
user_0924,2025-09-28 22:59:00,tablet,success,London
user_0692,2025-09-29 07:03:00,tablet,success,London
user_0909,2025-09-30 02:31:00,tablet,success,Berlin
user_0505,2025-09-30 17:02:00,tablet,success,London
user_0415,2025-09-30 19:13:00,tablet,success,Berlin
user_0420,2025-10-01 11:45:00,tablet,failure,New York
user_0444,2025-10-02 05:27:00,desktop,failure,Berlin
user_0200,2025-10-03 06:02:00,mobile,success,Paris
user_0499,2025-10-03 08:05:00,mobile,success,Sydney
user_0593,2025-10-03 17:51:00,desktop,failure,Sydney
user_0070,2025-10-03 21:02:00,mobile,success,New York
user_0906,2025-10-04 05:00:00,mobile,success,Sydney
user_0051,2025-10-04 14:10:00,desktop,success,London
user_0077,2025-10-04 18:41:00,tablet,success,Sydney
user_0564,2025-10-04 18:54:00,desktop,success,Tokyo
user_0475,2025-10-04 19:21:00,mobile,success,Berlin
user_0626,2025-10-04 21:53:00,desktop,success,Paris
user_0041,2025-10-05 21:58:00,desktop,success,New York
user_0528,2025-10-05 23:08:00,tablet,success,Sydney
user_0490,2025-10-06 15:20:00,desktop,success,Berlin
user_0118,2025-10-06 20:19:00,tablet,success,Berlin
user_0747,2025-10-07 01:32:00,desktop,success,Berlin
user_0358,2025-10-07 02:16:00,tablet,success,New York
user_0563,2025-10-07 05:36:00,tablet,success,Sydney
user_0745,2025-10-07 07:51:00,desktop,success,Paris
user_0329,2025-10-07 12:45:00,desktop,success,London
user_0555,2025-10-07 14:35:00,tablet,success,Paris
user_0461,2025-10-08 08:12:00,mobile,success,London
user_0203,2025-10-08 17:42:00,tablet,failure,Sydney
user_0435,2025-10-09 03:01:00,desktop,failure,New York
user_0932,2025-10-09 03:12:00,tablet,success,Sydney
user_0255,2025-10-10 03:50:00,tablet,success,New York
user_0763,2025-10-11 04:57:00,tablet,success,Tokyo
user_0663,2025-10-11 16:01:00,desktop,failure,New York
user_0363,2025-10-12 00:34:00,desktop,success,Sydney
user_0026,2025-10-13 18:25:00,desktop,success,Tokyo
user_0465,2025-10-14 04:46:00,mobile,success,New York
user_0690,2025-10-14 10:11:00,tablet,success,New York
user_0809,2025-10-15 04:59:00,desktop,success,London
user_0195,2025-10-18 01:27:00,mobile,success,Paris
user_0873,2025-10-18 09:22:00,mobile,success,Tokyo
user_0993,2025-10-18 18:29:00,mobile,success,New York
user_0862,2025-10-18 21:20:00,mobile,success,Sydney
user_0881,2025-10-19 01:40:00,tablet,success,Tokyo
user_0165,2025-10-19 05:53:00,desktop,success,Sydney
user_0400,2025-10-19 06:55:00,mobile,success,Tokyo
user_0241,2025-10-19 19:13:00,mobile,success,London
user_0557,2025-10-19 20:34:00,mobile,success,Sydney
user_0565,2025-10-19 21:52:00,mobile,success,Berlin
user_0339,2025-10-20 15:11:00,mobile,success,London
user_0915,2025-10-22 10:04:00,desktop,success,New York
user_0951,2025-10-22 16:53:00,tablet,success,New York
user_0638,2025-10-23 01:16:00,desktop,success,London
user_0534,2025-10-23 05:05:00,desktop,success,Sydney
user_0449,2025-10-23 07:23:00,mobile,success,New York
user_0133,2025-10-24 07:15:00,desktop,success,Berlin
user_0984,2025-10-24 08:15:00,tablet,success,Berlin
user_0167,2025-10-24 12:50:00,tablet,success,Tokyo
user_0966,2025-10-24 18:00:00,desktop,success,London
user_0204,2025-10-25 19:04:00,mobile,success,Sydney
user_0900,2025-10-25 21:25:00,tablet,success,Tokyo
user_0458,2025-10-27 20:07:00,tablet,success,Paris
user_0636,2025-10-28 03:55:00,tablet,success,London
user_0510,2025-10-28 06:26:00,tablet,success,Paris
user_0440,2025-10-28 18:18:00,mobile,success,Sydney
user_0907,2025-10-28 18:58:00,tablet,success,Sydney
user_0594,2025-10-28 20:38:00,desktop,success,Paris
user_0560,2025-10-29 09:44:00,desktop,success,London
user_0983,2025-10-30 02:27:00,mobile,success,New York
user_0910,2025-10-30 07:37:00,tablet,success,New York
user_0503,2025-10-30 15:10:00,mobile,success,Tokyo
user_0037,2025-10-30 17:32:00,tablet,failure,London
user_0661,2025-10-31 05:18:00,desktop,success,London
user_0849,2025-10-31 14:30:00,mobile,success,London
user_0533,2025-10-31 15:02:00,tablet,success,Sydney
user_0760,2025-10-31 19:10:00,desktop,success,Sydney
user_0474,2025-11-01 04:43:00,mobile,success,Berlin
user_0822,2025-11-01 06:58:00,tablet,failure,London
user_0021,2025-11-01 15:41:00,desktop,success,Sydney
user_0603,2025-11-01 19:40:00,tablet,success,Paris
user_0829,2025-11-02 00:17:00,desktop,success,London
user_0277,2025-11-02 08:35:00,mobile,success,Tokyo
user_0428,2025-11-02 15:10:00,desktop,success,London
user_0402,2025-11-02 22:16:00,tablet,success,Sydney
user_0816,2025-11-03 00:40:00,mobile,success,New York
user_0793,2025-11-03 04:29:00,mobile,success,New York
user_0164,2025-11-03 05:32:00,mobile,success,Sydney
user_0798,2025-11-03 11:56:00,tablet,success,Sydney
user_0262,2025-11-03 21:38:00,mobile,success,New York
user_0759,2025-11-04 01:47:00,desktop,failure,Berlin
user_0348,2025-11-04 13:27:00,tablet,success,New York
user_0813,2025-11-05 06:40:00,mobile,success,Sydney
user_0122,2025-11-06 21:40:00,mobile,success,Paris
user_0073,2025-11-07 00:06:00,desktop,success,Paris
user_0356,2025-11-07 04:05:00,mobile,success,Berlin
user_0373,2025-11-07 12:05:00,tablet,failure,Paris
user_0582,2025-11-07 17:56:00,tablet,success,Paris
user_0791,2025-11-07 18:03:00,tablet,success,Berlin
user_0305,2025-11-09 03:34:00,desktop,success,Sydney
user_0749,2025-11-09 04:04:00,mobile,success,Berlin
user_0124,2025-11-09 05:40:00,desktop,success,Tokyo
user_0112,2025-11-09 09:31:00,mobile,failure,Tokyo
user_0878,2025-11-09 12:17:00,desktop,success,Berlin
user_0802,2025-11-09 15:19:00,desktop,failure,New York
user_0071,2025-11-09 23:50:00,desktop,success,Tokyo
user_0694,2025-11-10 01:12:00,mobile,success,New York
user_0227,2025-11-10 07:40:00,mobile,failure,Sydney
user_0656,2025-11-10 13:55:00,tablet,success,London
user_0575,2025-11-10 21:52:00,mobile,success,Paris
user_0392,2025-11-10 23:14:00,desktop,success,Tokyo
user_0252,2025-11-11 18:25:00,tablet,success,New York
user_0683,2025-11-11 20:46:00,desktop,success,Paris
user_0170,2025-11-12 20:03:00,mobile,success,Berlin
user_0701,2025-11-13 08:07:00,desktop,success,Tokyo
user_0888,2025-11-13 12:14:00,mobile,success,Paris
user_0783,2025-11-13 12:37:00,tablet,success,New York
user_0521,2025-11-13 18:29:00,desktop,success,New York
user_0016,2025-11-13 19:44:00,mobile,success,Sydney
user_0977,2025-11-14 01:23:00,tablet,success,Paris
user_0231,2025-11-14 14:58:00,desktop,success,New York
user_0892,2025-11-14 19:35:00,desktop,success,Paris
user_0029,2025-11-14 20:26:00,mobile,success,Tokyo
user_0117,2025-11-14 23:20:00,mobile,success,New York
user_0708,2025-11-15 01:48:00,desktop,success,New York
user_0921,2025-11-15 09:57:00,tablet,success,London
user_0858,2025-11-16 04:19:00,tablet,success,Berlin
user_0604,2025-11-16 17:57:00,tablet,failure,Tokyo
user_0055,2025-11-16 19:16:00,mobile,success,Sydney
user_0940,2025-11-17 05:13:00,mobile,success,Paris
user_0163,2025-11-17 09:35:00,mobile,success,Paris
user_0576,2025-11-17 17:20:00,desktop,success,Berlin
user_0748,2025-11-17 17:31:00,desktop,success,New York
user_0228,2025-11-17 21:54:00,tablet,success,London
user_0550,2025-11-18 01:25:00,tablet,success,Tokyo
user_0113,2025-11-18 11:19:00,tablet,success,New York
user_0379,2025-11-18 13:21:00,tablet,success,Berlin
user_0917,2025-11-18 13:48:00,mobile,success,Berlin
user_0015,2025-11-19 02:03:00,mobile,success,New York
user_0864,2025-11-19 23:16:00,desktop,success,London
user_0359,2025-11-20 01:12:00,tablet,failure,Berlin
user_0926,2025-11-20 06:49:00,desktop,success,Sydney
user_0721,2025-11-20 20:02:00,mobile,success,Berlin
user_0019,2025-11-21 06:47:00,tablet,success,London
user_0773,2025-11-22 16:46:00,tablet,success,London
user_0912,2025-11-22 23:11:00,tablet,success,Berlin
user_0234,2025-11-23 04:29:00,desktop,success,Tokyo
user_0514,2025-11-23 06:56:00,tablet,success,New York
user_0509,2025-11-23 08:49:00,mobile,success,Sydney
user_0473,2025-11-23 16:11:00,desktop,success,London
user_0675,2025-11-23 17:17:00,desktop,success,New York
user_0976,2025-11-23 17:58:00,tablet,success,London
user_0919,2025-11-23 18:53:00,mobile,success,Sydney
user_0556,2025-11-23 21:17:00,tablet,success,New York
user_0137,2025-11-24 05:53:00,tablet,failure,Berlin
user_0999,2025-11-25 00:15:00,tablet,success,Tokyo
user_0569,2025-11-25 02:07:00,desktop,success,London
user_0054,2025-11-25 06:53:00,desktop,success,New York
user_0437,2025-11-25 17:31:00,mobile,success,Berlin
user_0561,2025-11-25 22:52:00,mobile,success,Sydney
user_0076,2025-11-27 01:44:00,tablet,success,London
user_0525,2025-11-27 13:13:00,desktop,success,Sydney
user_0871,2025-11-27 15:15:00,mobile,success,New York
user_0703,2025-11-28 01:21:00,tablet,success,New York
user_0615,2025-11-28 02:01:00,tablet,success,Sydney
user_0123,2025-11-28 05:10:00,tablet,success,London
user_0365,2025-11-28 12:12:00,mobile,success,Berlin
user_0131,2025-11-30 00:23:00,mobile,success,New York
user_0965,2025-11-30 07:30:00,desktop,success,Sydney
user_0425,2025-11-30 18:56:00,tablet,success,Sydney
user_0960,2025-11-30 19:53:00,tablet,success,New York
user_0212,2025-12-01 00:11:00,desktop,success,London
user_0182,2025-12-01 12:03:00,mobile,failure,Sydney
user_0890,2025-12-01 19:58:00,mobile,success,Sydney
user_0958,2025-12-01 21:40:00,mobile,success,Sydney
user_0894,2025-12-02 04:54:00,tablet,success,Berlin
user_0856,2025-12-02 04:54:00,mobile,success,London
user_0834,2025-12-02 05:06:00,tablet,success,Sydney
user_0404,2025-12-02 07:48:00,tablet,success,Paris
user_0309,2025-12-02 18:23:00,tablet,success,Sydney
user_0610,2025-12-02 19:04:00,desktop,success,Paris
user_0013,2025-12-03 06:43:00,desktop,success,Paris
user_0369,2025-12-03 08:07:00,tablet,success,London
user_0032,2025-12-03 15:58:00,desktop,success,London
user_0727,2025-12-04 02:32:00,tablet,success,Sydney
user_0857,2025-12-04 20:40:00,mobile,failure,Tokyo
user_0299,2025-12-05 01:14:00,tablet,failure,New York
user_0942,2025-12-05 21:25:00,tablet,success,Berlin
user_0796,2025-12-06 04:23:00,desktop,failure,Berlin
user_0522,2025-12-06 15:54:00,tablet,success,London
user_0826,2025-12-06 18:12:00,mobile,success,London
user_0621,2025-12-07 22:36:00,tablet,success,Berlin
user_0432,2025-12-08 05:13:00,desktop,success,Paris
user_0986,2025-12-08 14:39:00,desktop,success,Paris
user_0063,2025-12-09 20:44:00,mobile,success,Berlin
user_0060,2025-12-10 22:50:00,tablet,success,New York
user_0455,2025-12-11 08:00:00,tablet,success,New York
user_0841,2025-12-11 23:13:00,tablet,success,London
user_0946,2025-12-11 23:41:00,desktop,failure,New York
user_0831,2025-12-12 03:52:00,desktop,success,Sydney
user_0859,2025-12-12 11:51:00,desktop,failure,Paris
user_0706,2025-12-12 16:39:00,desktop,success,Paris
user_0279,2025-12-13 11:31:00,tablet,success,New York
user_0899,2025-12-13 13:48:00,desktop,success,Berlin
user_0111,2025-12-13 16:26:00,desktop,success,London
user_0498,2025-12-13 22:22:00,mobile,success,Paris
user_0148,2025-12-14 01:32:00,tablet,success,Berlin
user_0689,2025-12-14 06:31:00,mobile,success,Sydney
user_0757,2025-12-14 08:12:00,desktop,success,Berlin
user_0156,2025-12-14 12:00:00,tablet,success,Sydney
user_0302,2025-12-15 04:12:00,desktop,success,London
user_0385,2025-12-16 09:10:00,desktop,success,Tokyo
user_0442,2025-12-16 18:24:00,mobile,success,New York
user_0738,2025-12-17 02:25:00,mobile,success,Berlin
user_0945,2025-12-17 05:46:00,tablet,success,New York
user_0935,2025-12-17 09:42:00,tablet,success,Paris
user_0394,2025-12-17 11:44:00,mobile,success,Paris
user_0653,2025-12-18 05:30:00,mobile,success,Sydney
user_0685,2025-12-18 23:23:00,tablet,success,Tokyo
user_0622,2025-12-19 00:04:00,mobile,success,Berlin
user_0765,2025-12-19 16:56:00,tablet,success,Sydney
user_0542,2025-12-20 00:16:00,mobile,success,Tokyo
user_0540,2025-12-20 02:45:00,tablet,success,Paris
user_0943,2025-12-20 06:25:00,desktop,success,Berlin
user_0893,2025-12-20 07:16:00,mobile,success,Paris
user_0087,2025-12-20 16:25:00,mobile,failure,Paris
user_0742,2025-12-20 17:23:00,tablet,success,London
user_0726,2025-12-20 20:19:00,mobile,success,Sydney
user_0732,2025-12-21 08:25:00,desktop,success,Tokyo
user_0174,2025-12-21 20:04:00,tablet,success,Berlin
user_0004,2025-12-21 20:16:00,tablet,success,Sydney
user_0336,2025-12-22 12:46:00,mobile,success,Sydney
user_0678,2025-12-23 12:34:00,mobile,success,Sydney
user_0631,2025-12-23 23:28:00,mobile,success,London
user_0768,2025-12-24 11:09:00,tablet,failure,Sydney
user_0637,2025-12-24 15:19:00,desktop,success,Paris
user_0634,2025-12-25 05:54:00,tablet,success,Sydney
user_0278,2025-12-25 07:25:00,mobile,success,Tokyo
user_0766,2025-12-25 16:30:00,tablet,success,Berlin
user_0944,2025-12-26 00:34:00,mobile,failure,Sydney
user_0591,2025-12-26 17:36:00,mobile,success,Tokyo
user_0450,2025-12-27 02:22:00,desktop,success,Sydney
user_0346,2025-12-27 15:47:00,tablet,success,Sydney
user_0439,2025-12-28 15:23:00,desktop,success,Sydney
user_0696,2025-12-28 18:27:00,mobile,success,Paris
user_0712,2025-12-29 14:58:00,mobile,success,New York
user_0135,2025-12-29 15:11:00,mobile,success,Tokyo
user_0671,2025-12-30 00:03:00,mobile,success,Tokyo
user_0934,2025-12-30 11:08:00,desktop,success,London
user_0274,2025-12-30 20:46:00,mobile,success,Tokyo
user_0271,2025-12-31 06:19:00,tablet,failure,Tokyo
user_0105,2025-12-31 09:22:00,desktop,success,Sydney
user_0992,2025-12-31 19:11:00,desktop,success,Tokyo
user_0459,2025-12-31 21:02:00,mobile,success,Paris
